PRODUCT_NAME,MONTH_YEAR,ORDER_STATUS,TOTAL_AMOUNT
Women's Sweater (Brown),02-2022,REFUNDED,2991.75
Boy's Trousers (White),04-2022,COMPLETE,10600.8
Women's Trousers (Blue),05-2022,COMPLETE,19156.8
Women's Coat (Black),12-2021,COMPLETE,14155.2
Boy's Coat (Brown),08-2022,COMPLETE,6755.1
Boy's Sweater (Green),02-2022,REFUNDED,1000.2
Girl's Coat (Blue),03-2022,COMPLETE,7334.25
Women's Skirt (Brown),12-2021,COMPLETE,5489.4
Boy's Trousers (White),06-2022,COMPLETE,15238.65
Boy's Shirt (Black),09-2022,COMPLETE,7783.65
Girl's Trousers (Red),04-2022,COMPLETE,22596.6
Women's Socks (Grey),05-2022,COMPLETE,7264.95
Girl's Coat (Blue),02-2022,COMPLETE,3143.25
Men's Hoodie (Red),03-2022,COMPLETE,2918.4
Men's Hoodie (Red),07-2022,COMPLETE,2764.8
Boy's Socks (Black),07-2022,COMPLETE,7185.0
Women's Dress (Black),09-2021,COMPLETE,1688.7
Boy's Sweater (Green),09-2021,COMPLETE,2000.4
Boy's Socks (Black),12-2021,COMPLETE,4023.6
Boy's Trousers (Blue),12-2021,COMPLETE,1155.0
Women's Skirt (Brown),09-2022,COMPLETE,7449.9
Women's Skirt (Brown),01-2022,COMPLETE,3921.0
Women's Jeans (Brown),11-2021,COMPLETE,4443.6
Women's Socks (Grey),09-2021,COMPLETE,785.4
Girl's Pyjamas (Red),11-2021,COMPLETE,3102.3
Girl's Dress (Red),12-2021,COMPLETE,1400.1
Girl's Trousers (Red),10-2022,COMPLETE,7290.6
Boy's Socks (White),10-2022,COMPLETE,1257.6
Girl's Hoodie (White),01-2022,COMPLETE,16087.5
Girl's Jeans (Grey),11-2021,COMPLETE,1176.0
Women's Skirt (Red),11-2021,COMPLETE,3538.8
Boy's Coat (Blue),09-2022,COMPLETE,11973.0
Boy's Coat (Brown),01-2022,REFUNDED,587.4
Boy's Socks (Black),03-2022,COMPLETE,11208.6
Women's Skirt (Green),11-2021,COMPLETE,5575.05
Men's Jeans (Grey),09-2022,COMPLETE,8078.4
Men's Hoodie (Red),06-2022,COMPLETE,2457.6
Boy's Socks (White),06-2022,REFUNDED,471.6
Girl's Pyjamas (Black),08-2021,COMPLETE,2043.6
Girl's Coat (Blue),09-2021,COMPLETE,628.65
Men's Pyjamas (Blue),11-2021,COMPLETE,4958.4
Boy's Trousers (Black),02-2022,REFUNDED,499.2
Women's Dress (Black),05-2022,COMPLETE,2078.4
Boy's Jeans (Black),10-2021,COMPLETE,2881.35
Boy's Shorts (Blue),07-2022,COMPLETE,12889.8
Boy's Socks (White),05-2022,COMPLETE,3301.2
Women's Dress (Black),12-2021,COMPLETE,1558.8
Women's Skirt (Red),03-2022,COMPLETE,9289.35
Women's Pyjamas (Grey),03-2022,COMPLETE,11202.0
Boy's Shirt (Black),12-2021,COMPLETE,13343.4
Girl's Pyjamas (Black),07-2022,REFUNDED,2043.6
Women's Shirt (Green),01-2022,COMPLETE,10638.0
Boy's Coat (Blue),02-2022,COMPLETE,9578.4
Women's Shirt (Green),04-2022,COMPLETE,7092.0
Women's Pyjamas (Grey),11-2021,COMPLETE,9521.7
Boy's Coat (Blue),02-2022,REFUNDED,2993.25
Women's Dress (Black),10-2022,COMPLETE,519.6
Women's Jacket (Black),01-2022,COMPLETE,8071.8
Girl's Shorts (Green),02-2022,COMPLETE,10155.6
Girl's Trousers (Red),10-2021,COMPLETE,10538.4
Girl's Shorts (Red),11-2021,COMPLETE,13113.0
Boy's Socks (Grey),08-2022,COMPLETE,17226.0
Boy's Hoodie (Grey),02-2022,COMPLETE,3223.2
Boy's Trousers (White),03-2022,COMPLETE,11925.9
Boy's Trousers (Black),11-2021,COMPLETE,5491.2
Boy's Trousers (White),11-2021,COMPLETE,7950.6
Boy's Shirt (Black),08-2022,COMPLETE,5189.1
Boy's Sweater (Green),08-2022,COMPLETE,5751.15
Women's Jeans (Brown),09-2022,COMPLETE,7935.0
Girl's Dress (Red),09-2022,COMPLETE,2477.1
Men's Pyjamas (Blue),03-2022,COMPLETE,3563.85
Boy's Socks (Grey),12-2021,COMPLETE,5742.0
Girl's Dress (Red),07-2022,COMPLETE,2477.1
Women's Jeans (Red),10-2022,COMPLETE,699.6
Men's Coat (Red),10-2021,COMPLETE,4302.0
Men's Shorts (Black),11-2021,COMPLETE,6563.7
Women's Jeans (Brown),06-2022,COMPLETE,2856.6
Women's Jacket (Black),07-2022,COMPLETE,7338.0
Women's Jeans (Red),08-2022,COMPLETE,6646.2
Women's Jacket (Black),04-2022,COMPLETE,2201.4
Boy's Coat (Blue),12-2021,COMPLETE,13170.3
Girl's Trousers (Red),07-2022,COMPLETE,26466.0
Women's Jacket (Blue),12-2021,COMPLETE,1271.25
Women's Dress (Black),09-2022,COMPLETE,6105.3
Boy's Sweater (Green),03-2022,COMPLETE,4750.95
Boy's Socks (White),03-2022,COMPLETE,4401.6
Girl's Shorts (Green),07-2022,COMPLETE,13117.65
Girl's Coat (Blue),07-2022,COMPLETE,5238.75
Women's Jeans (Brown),10-2022,COMPLETE,317.4
Boy's Jeans (Black),08-2022,COMPLETE,1061.55
Girl's Shorts (Red),06-2022,COMPLETE,16391.25
Boy's Shirt (Black),04-2022,COMPLETE,5559.75
Women's Sweater (Brown),07-2022,COMPLETE,16155.45
Women's Coat (Black),05-2022,COMPLETE,8257.2
Girl's Jeans (Grey),05-2022,COMPLETE,2352.0
Women's Jeans (Brown),08-2022,COMPLETE,6030.6
Boy's Pyjamas (Grey),04-2022,COMPLETE,9435.0
Women's Shirt (Green),09-2021,COMPLETE,3989.25
Girl's Coat (Blue),10-2021,COMPLETE,2095.5
Women's Jacket (Black),11-2021,COMPLETE,5136.6
Boy's Jeans (Blue),06-2022,COMPLETE,12836.85
Women's Jeans (Red),07-2022,COMPLETE,4197.6
Boy's Sweater (Green),01-2022,COMPLETE,4000.8
Girl's Coat (Blue),04-2022,COMPLETE,6286.5
Boy's Trousers (White),05-2022,COMPLETE,28489.65
Girl's Pyjamas (Red),10-2022,COMPLETE,7583.4
Women's Jacket (Blue),10-2022,COMPLETE,1525.5
Women's Sweater (Brown),03-2022,COMPLETE,6581.85
Girl's Pyjamas (Red),12-2021,COMPLETE,10685.7
Women's Socks (Grey),01-2022,COMPLETE,3337.95
Women's Sweater (Brown),01-2022,COMPLETE,4188.45
Boy's Jeans (Black),05-2022,COMPLETE,2274.75
Women's Jeans (Red),08-2021,COMPLETE,1749.0
Women's Jacket (Blue),10-2021,COMPLETE,678.0
Men's Jeans (Grey),11-2021,COMPLETE,12355.2
Boy's Jeans (Blue),09-2022,COMPLETE,7525.05
Women's Jeans (Brown),03-2022,COMPLETE,8569.8
Women's Skirt (Red),05-2022,COMPLETE,15924.6
Girl's Pyjamas (Red),05-2022,COMPLETE,9651.6
Girl's Pyjamas (Black),10-2021,COMPLETE,2043.6
Women's Skirt (Green),01-2022,COMPLETE,3001.95
Men's Jeans (Grey),03-2022,COMPLETE,19483.2
Boy's Socks (White),04-2022,COMPLETE,3615.6
Boy's Trousers (Black),10-2021,COMPLETE,998.4
Girl's Dress (Red),12-2021,REFUNDED,323.1
Boy's Coat (Blue),06-2022,COMPLETE,19156.8
Girl's Coat (Blue),09-2022,COMPLETE,3143.25
Men's Pyjamas (Blue),02-2022,COMPLETE,2324.25
Boy's Socks (Grey),06-2022,COMPLETE,3445.2
Boy's Sweater (Red),09-2022,COMPLETE,12339.45
Girl's Pyjamas (Black),02-2022,COMPLETE,11239.8
Boy's Trousers (Black),03-2022,COMPLETE,3993.6
Boy's Socks (Grey),09-2021,COMPLETE,574.2
Boy's Trousers (Blue),10-2021,COMPLETE,3630.0
Women's Skirt (Green),07-2022,COMPLETE,6861.6
Women's Jacket (Blue),07-2022,REFUNDED,254.25
Boy's Sweater (Green),07-2022,COMPLETE,4250.85
Women's Shirt (Green),03-2022,COMPLETE,9751.5
Women's Jacket (Black),12-2021,COMPLETE,2935.2
Girl's Dress (Red),06-2022,COMPLETE,3338.7
Boy's Coat (Brown),09-2021,COMPLETE,1762.2
Men's Hoodie (Red),09-2021,COMPLETE,1689.6
Girl's Pyjamas (White),09-2021,COMPLETE,3450.6
Women's Pyjamas (Grey),08-2022,COMPLETE,2240.4
Boy's Pyjamas (Grey),09-2022,COMPLETE,8880.0
Girl's Pyjamas (Black),10-2022,COMPLETE,1532.7
Women's Shirt (Green),10-2021,COMPLETE,9308.25
Women's Jeans (Red),12-2021,COMPLETE,4197.6
Girl's Hoodie (White),12-2021,COMPLETE,11700.0
Men's Coat (Red),01-2022,COMPLETE,5162.4
Women's Jacket (Black),05-2022,COMPLETE,5503.5
Girl's Jeans (Grey),07-2022,COMPLETE,3528.0
Boy's Sweater (Red),07-2022,COMPLETE,3629.25
Boy's Trousers (White),02-2022,COMPLETE,11263.35
Girl's Dress (Red),03-2022,COMPLETE,1184.7
Girl's Jeans (Grey),04-2022,COMPLETE,1764.0
Boy's Shorts (Blue),09-2021,COMPLETE,3682.8
Boy's Shorts (Blue),06-2022,COMPLETE,6444.9
Boy's Trousers (Blue),08-2022,COMPLETE,4290.0
Girl's Shorts (Green),09-2021,COMPLETE,2115.75
Women's Jacket (Blue),08-2022,COMPLETE,1440.75
Boy's Shorts (Blue),09-2022,COMPLETE,10127.7
Men's Shorts (Black),03-2022,COMPLETE,7160.4
Women's Skirt (Green),04-2022,COMPLETE,14580.9
Women's Jeans (Brown),12-2021,COMPLETE,4761.0
Women's Shirt (Green),12-2021,COMPLETE,9308.25
Men's Jeans (Grey),07-2022,COMPLETE,8553.6
Women's Socks (Grey),09-2022,COMPLETE,3927.0
Girl's Trousers (Red),01-2022,COMPLETE,23806.2
Boy's Pyjamas (Grey),06-2022,COMPLETE,14985.0
Girl's Hoodie (White),06-2022,COMPLETE,16087.5
Women's Jacket (Blue),07-2022,COMPLETE,3390.0
Men's Coat (Red),08-2022,COMPLETE,6883.2
Women's Jeans (Red),03-2022,COMPLETE,4547.4
Boy's Coat (Blue),11-2021,COMPLETE,7183.8
Women's Skirt (Brown),06-2022,COMPLETE,11370.9
Girl's Shorts (Red),03-2022,COMPLETE,9834.75
Girl's Pyjamas (White),11-2021,COMPLETE,8626.5
Boy's Sweater (Red),12-2021,COMPLETE,8710.2
Men's Coat (Red),06-2022,COMPLETE,7958.7
Men's Pyjamas (Blue),07-2022,COMPLETE,5733.15
Men's Jeans (Grey),08-2022,COMPLETE,5227.2
Boy's Sweater (Red),06-2022,COMPLETE,19597.95
Women's Skirt (Green),09-2022,COMPLETE,5575.05
Boy's Sweater (Red),05-2022,COMPLETE,15242.85
Women's Jacket (Black),09-2021,COMPLETE,1100.7
Boy's Trousers (Blue),06-2022,COMPLETE,3465.0
Girl's Pyjamas (Red),06-2022,COMPLETE,5859.9
Girl's Pyjamas (Black),08-2022,COMPLETE,14816.1
Boy's Jeans (Blue),08-2022,COMPLETE,15935.4
Boy's Trousers (White),07-2022,COMPLETE,15238.65
Girl's Jeans (Grey),03-2022,COMPLETE,4851.0
Boy's Socks (White),10-2021,COMPLETE,2672.4
Girl's Coat (Blue),10-2022,COMPLETE,1676.4
Boy's Hoodie (Grey),03-2022,COMPLETE,7394.4
Boy's Shirt (Black),11-2021,COMPLETE,5930.4
Boy's Hoodie (Grey),06-2022,COMPLETE,4929.6
Girl's Pyjamas (Red),07-2022,COMPLETE,8272.8
Girl's Shorts (Red),09-2022,COMPLETE,7867.8
Boy's Shirt (Black),05-2022,COMPLETE,8154.3
Women's Jacket (Black),10-2021,COMPLETE,8805.6
Boy's Coat (Brown),12-2021,COMPLETE,7048.8
Girl's Hoodie (White),09-2021,COMPLETE,10237.5
Boy's Coat (Brown),10-2021,COMPLETE,3818.1
Boy's Socks (White),11-2021,COMPLETE,1414.8
Women's Jeans (Red),11-2021,COMPLETE,9794.4
Men's Shorts (Black),07-2022,COMPLETE,19094.4
Boy's Socks (Black),08-2022,COMPLETE,5173.2
Boy's Trousers (Black),05-2022,COMPLETE,4492.8
Women's Pyjamas (Grey),09-2021,COMPLETE,9521.7
Girl's Shorts (Red),10-2021,COMPLETE,8523.45
Women's Skirt (Brown),10-2021,COMPLETE,7449.9
Boy's Hoodie (Grey),11-2021,COMPLETE,948.0
Boy's Trousers (White),12-2021,COMPLETE,1987.65
Girl's Dress (Red),08-2022,COMPLETE,2800.2
Women's Dress (Black),08-2022,COMPLETE,259.8
Women's Jacket (Blue),01-2022,COMPLETE,1356.0
Girl's Dress (Red),10-2021,COMPLETE,2261.7
Boy's Shirt (Black),10-2021,COMPLETE,5930.4
Girl's Shorts (Green),06-2022,COMPLETE,5077.8
Women's Pyjamas (Grey),10-2022,COMPLETE,2240.4
Men's Pyjamas (Blue),10-2022,COMPLETE,619.8
Women's Coat (Black),01-2022,COMPLETE,7667.4
Boy's Jeans (Black),02-2022,COMPLETE,2881.35
Women's Jacket (Blue),03-2022,COMPLETE,1101.75
Women's Sweater (Brown),06-2022,COMPLETE,13163.7
Girl's Coat (Blue),08-2022,COMPLETE,6496.05
Girl's Trousers (Red),05-2022,COMPLETE,22320.6
Boy's Coat (Brown),08-2022,REFUNDED,587.4
Women's Jeans (Red),09-2022,COMPLETE,8395.2
Women's Coat (Black),09-2021,COMPLETE,2359.2
Boy's Sweater (Green),05-2022,COMPLETE,4250.85
Women's Trousers (Blue),08-2021,COMPLETE,5894.4
Women's Skirt (Red),07-2022,COMPLETE,16366.95
Boy's Jeans (Blue),10-2022,COMPLETE,2213.25
Women's Jacket (Blue),04-2022,COMPLETE,1610.25
Boy's Shirt (Black),05-2022,REFUNDED,1111.95
Boy's Shorts (Blue),03-2022,COMPLETE,13350.15
Women's Dress (Black),10-2021,COMPLETE,2208.3
Boy's Socks (White),06-2022,COMPLETE,2829.6
Boy's Hoodie (Grey),08-2022,COMPLETE,6256.8
Men's Shorts (Black),09-2022,COMPLETE,8950.5
Boy's Trousers (Blue),01-2022,COMPLETE,495.0
Women's Shirt (Green),02-2022,COMPLETE,7092.0
Girl's Pyjamas (White),10-2021,COMPLETE,7476.3
Women's Shirt (Green),10-2022,COMPLETE,886.5
Girl's Jeans (Grey),09-2022,REFUNDED,588.0
Boy's Shirt (Black),10-2022,COMPLETE,4077.15
Boy's Socks (Grey),02-2022,COMPLETE,14355.0
Men's Hoodie (Red),10-2021,COMPLETE,153.6
Women's Jeans (Brown),01-2022,COMPLETE,2221.8
Girl's Trousers (Red),09-2021,COMPLETE,5597.4
Boy's Sweater (Red),10-2021,COMPLETE,13791.15
Women's Socks (Grey),08-2022,COMPLETE,3534.3
Girl's Hoodie (White),08-2022,COMPLETE,16818.75
Boy's Trousers (Black),10-2022,COMPLETE,2496.0
Girl's Jeans (Grey),10-2022,COMPLETE,1470.0
Boy's Jeans (Black),03-2022,COMPLETE,1819.8
Boy's Sweater (Red),11-2021,COMPLETE,10887.75
Women's Trousers (Blue),06-2022,COMPLETE,11052.0
Men's Pyjamas (Blue),09-2022,COMPLETE,2634.15
Men's Pyjamas (Blue),05-2022,COMPLETE,4028.7
Women's Skirt (Brown),10-2022,COMPLETE,2352.6
Boy's Sweater (Green),06-2022,COMPLETE,5501.1
Girl's Hoodie (White),03-2022,COMPLETE,16818.75
Boy's Jeans (Black),03-2022,REFUNDED,303.3
Boy's Jeans (Blue),09-2021,COMPLETE,2213.25
Women's Trousers (Blue),11-2021,COMPLETE,19893.6
Boy's Sweater (Green),12-2021,COMPLETE,1250.25
Women's Shirt (Green),06-2022,COMPLETE,11524.5
Women's Sweater (Brown),05-2022,COMPLETE,7778.55
Women's Jacket (Blue),08-2021,COMPLETE,847.5
Women's Jeans (Red),09-2021,COMPLETE,1399.2
Boy's Pyjamas (Grey),01-2022,REFUNDED,555.0
Girl's Pyjamas (White),05-2022,COMPLETE,13802.4
Girl's Shorts (Green),05-2022,REFUNDED,846.3
Girl's Trousers (Red),11-2021,COMPLETE,9709.2
Women's Skirt (Brown),08-2022,COMPLETE,5097.3
Women's Skirt (Red),08-2022,REFUNDED,1769.4
Girl's Hoodie (White),10-2022,COMPLETE,2925.0
Boy's Coat (Blue),07-2022,COMPLETE,15564.9
Women's Skirt (Red),09-2022,COMPLETE,6635.25
Boy's Socks (White),05-2022,REFUNDED,628.8
Girl's Coat (Blue),01-2022,COMPLETE,4191.0
Girl's Shorts (Green),03-2022,COMPLETE,8039.85
Women's Jacket (Blue),05-2022,COMPLETE,2034.0
Boy's Jeans (Blue),11-2021,COMPLETE,7525.05
Women's Skirt (Brown),07-2022,COMPLETE,23526.0
Girl's Shorts (Red),07-2022,COMPLETE,15735.6
Women's Socks (Grey),04-2022,COMPLETE,3927.0
Boy's Jeans (Blue),05-2022,COMPLETE,18148.65
Boy's Coat (Blue),08-2021,COMPLETE,1795.95
Women's Sweater (Brown),10-2022,COMPLETE,8376.9
Boy's Trousers (White),01-2022,COMPLETE,6625.5
Boy's Pyjamas (Grey),03-2022,COMPLETE,12210.0
Women's Sweater (Brown),09-2021,COMPLETE,6581.85
Boy's Socks (Black),09-2021,COMPLETE,2011.8
Women's Pyjamas (Grey),07-2022,COMPLETE,12322.2
Women's Skirt (Red),08-2022,COMPLETE,8404.65
Boy's Socks (Grey),09-2022,COMPLETE,12632.4
Girl's Hoodie (White),02-2022,COMPLETE,16818.75
Girl's Jeans (Grey),10-2021,COMPLETE,1029.0
Women's Coat (Black),10-2021,COMPLETE,2359.2
Girl's Shorts (Red),08-2022,COMPLETE,15735.6
Boy's Jeans (Black),01-2022,COMPLETE,2881.35
Girl's Pyjamas (Red),02-2022,COMPLETE,2412.9
Boy's Socks (Black),02-2022,COMPLETE,1437.0
Boy's Coat (Blue),05-2022,COMPLETE,11374.35
Girl's Hoodie (White),05-2022,COMPLETE,13893.75
Women's Trousers (Blue),09-2021,COMPLETE,3684.0
Girl's Pyjamas (Black),06-2022,COMPLETE,20436.0
Women's Coat (Black),06-2022,COMPLETE,12975.6
Girl's Shorts (Red),10-2022,COMPLETE,5245.2
Women's Pyjamas (Grey),02-2022,COMPLETE,11202.0
Boy's Shorts (Blue),05-2022,COMPLETE,4143.15
Men's Pyjamas (Blue),10-2021,COMPLETE,1859.4
Boy's Trousers (Black),12-2021,COMPLETE,6240.0
Women's Skirt (Green),09-2021,COMPLETE,428.85
Women's Skirt (Red),10-2021,COMPLETE,7077.6
Boy's Socks (White),12-2021,COMPLETE,4873.2
Women's Socks (Grey),12-2021,COMPLETE,2748.9
Women's Trousers (Blue),08-2022,COMPLETE,9578.4
Men's Hoodie (Red),09-2022,COMPLETE,2304.0
Men's Hoodie (Red),01-2022,COMPLETE,2611.2
Girl's Pyjamas (White),02-2022,COMPLETE,16677.9
Men's Coat (Red),07-2022,COMPLETE,6453.0
Women's Jacket (Black),08-2022,COMPLETE,16510.5
Boy's Shirt (Black),01-2022,COMPLETE,7042.35
Girl's Shorts (Red),01-2022,COMPLETE,1966.95
Boy's Sweater (Green),08-2021,COMPLETE,1000.2
Women's Jeans (Brown),10-2021,COMPLETE,3174.0
Girl's Pyjamas (White),06-2022,COMPLETE,13802.4
Women's Skirt (Green),03-2022,COMPLETE,5146.2
Girl's Coat (Blue),05-2022,COMPLETE,3352.8
Boy's Socks (White),07-2022,COMPLETE,5816.4
Girl's Pyjamas (Red),08-2022,COMPLETE,3791.7
Boy's Socks (Black),10-2022,COMPLETE,574.8
Women's Dress (Black),04-2022,COMPLETE,2468.1
Women's Sweater (Brown),10-2021,COMPLETE,9573.6
Women's Socks (Grey),10-2021,COMPLETE,1767.15
Men's Pyjamas (Blue),08-2022,COMPLETE,5578.2
Women's Socks (Grey),02-2022,COMPLETE,1570.8
Women's Pyjamas (Grey),04-2022,COMPLETE,15682.8
Girl's Jeans (Grey),09-2022,COMPLETE,2793.0
Boy's Coat (Brown),04-2022,REFUNDED,1468.5
Women's Trousers (Blue),12-2021,COMPLETE,15472.8
Girl's Trousers (Red),06-2022,COMPLETE,16896.0
Women's Sweater (Brown),08-2022,COMPLETE,13163.7
Girl's Shorts (Red),05-2022,COMPLETE,12457.35
Boy's Shorts (Blue),10-2021,COMPLETE,16112.25
Boy's Shirt (Black),07-2022,COMPLETE,18532.5
Girl's Pyjamas (Black),01-2022,COMPLETE,4087.2
Men's Coat (Red),11-2021,COMPLETE,3871.8
Boy's Jeans (Black),12-2021,COMPLETE,3639.6
Boy's Pyjamas (Grey),12-2021,COMPLETE,6660.0
Boy's Coat (Blue),10-2022,REFUNDED,598.65
Women's Jeans (Brown),08-2021,COMPLETE,1269.6
Women's Pyjamas (Grey),10-2021,COMPLETE,16242.9
Boy's Trousers (Black),02-2022,COMPLETE,2496.0
Women's Jeans (Brown),04-2022,COMPLETE,2856.6
Men's Coat (Red),12-2021,COMPLETE,4517.1
Boy's Trousers (Blue),07-2022,COMPLETE,1320.0
Boy's Trousers (Black),07-2022,COMPLETE,4742.4
Women's Jeans (Red),02-2022,COMPLETE,8395.2
Girl's Pyjamas (Red),03-2022,COMPLETE,8272.8
Boy's Socks (Grey),03-2022,COMPLETE,9187.2
Boy's Jeans (Blue),10-2021,COMPLETE,1770.6
Women's Socks (Grey),10-2022,COMPLETE,392.7
Boy's Coat (Blue),01-2022,COMPLETE,4190.55
Women's Jacket (Black),03-2022,COMPLETE,15776.7
Men's Jeans (Grey),06-2022,COMPLETE,13305.6
Boy's Pyjamas (Grey),07-2022,COMPLETE,25530.0
Boy's Jeans (Black),08-2022,REFUNDED,303.3
Men's Jeans (Grey),10-2022,COMPLETE,2851.2
Men's Coat (Red),02-2022,COMPLETE,4517.1
Girl's Pyjamas (Black),03-2022,COMPLETE,10728.9
Boy's Sweater (Green),04-2022,COMPLETE,4000.8
Boy's Jeans (Blue),04-2022,COMPLETE,3098.55
Girl's Pyjamas (Black),09-2021,COMPLETE,4087.2
Boy's Socks (Black),10-2021,COMPLETE,2299.2
Girl's Pyjamas (White),12-2021,COMPLETE,16677.9
Boy's Trousers (Black),09-2022,COMPLETE,2496.0
Women's Sweater (Brown),04-2022,COMPLETE,14360.4
Girl's Dress (Red),04-2022,COMPLETE,3769.5
Girl's Trousers (Red),08-2021,COMPLETE,6876.0
Boy's Trousers (Black),06-2022,COMPLETE,6489.6
Men's Shorts (Black),02-2022,COMPLETE,13724.1
Women's Dress (Black),03-2022,COMPLETE,649.5
Women's Jacket (Blue),09-2021,COMPLETE,1440.75
Girl's Jeans (Grey),09-2021,COMPLETE,588.0
Boy's Trousers (Black),09-2021,COMPLETE,748.8
Girl's Shorts (Red),09-2021,COMPLETE,5245.2
Women's Trousers (Blue),07-2022,COMPLETE,14736.0
Girl's Jeans (Grey),02-2022,REFUNDED,294.0
Women's Socks (Grey),06-2022,COMPLETE,4123.35
Boy's Shirt (Black),02-2022,COMPLETE,7042.35
Women's Skirt (Brown),11-2021,COMPLETE,7449.9
Boy's Hoodie (Grey),10-2022,COMPLETE,2085.6
Women's Skirt (Brown),03-2022,COMPLETE,4313.1
Boy's Trousers (Black),11-2021,REFUNDED,1248.0
Women's Coat (Black),06-2022,REFUNDED,1769.4
Girl's Pyjamas (Red),09-2022,COMPLETE,7583.4
Boy's Shorts (Blue),10-2022,COMPLETE,3222.45
Boy's Coat (Blue),04-2022,COMPLETE,13768.95
Boy's Trousers (White),09-2021,COMPLETE,2650.2
Boy's Trousers (Blue),10-2022,COMPLETE,1650.0
Girl's Dress (Red),09-2021,COMPLETE,430.8
Women's Jacket (Blue),09-2022,COMPLETE,1779.75
Women's Trousers (Blue),03-2022,COMPLETE,9578.4
Men's Hoodie (Red),04-2022,COMPLETE,5683.2
Men's Jeans (Grey),10-2021,COMPLETE,7603.2
Boy's Coat (Brown),06-2022,REFUNDED,293.7
Women's Coat (Black),09-2022,COMPLETE,15334.8
Girl's Jeans (Grey),01-2022,COMPLETE,1323.0
Women's Jeans (Brown),09-2021,COMPLETE,3174.0
Women's Socks (Grey),07-2022,COMPLETE,5890.5
Men's Shorts (Black),08-2022,COMPLETE,16707.6
Boy's Socks (Black),09-2022,COMPLETE,4311.0
Men's Hoodie (Red),10-2022,COMPLETE,614.4
Girl's Pyjamas (Red),09-2021,COMPLETE,5170.5
Girl's Dress (Red),11-2021,COMPLETE,753.9
Women's Jeans (Red),06-2022,COMPLETE,4547.4
Girl's Hoodie (White),07-2022,COMPLETE,19743.75
Boy's Hoodie (Grey),07-2022,COMPLETE,7963.2
Girl's Pyjamas (White),08-2022,COMPLETE,13227.3
Boy's Coat (Brown),09-2022,COMPLETE,3230.7
Girl's Pyjamas (Black),04-2022,COMPLETE,7663.5
Men's Pyjamas (Blue),01-2022,COMPLETE,2789.1
Men's Jeans (Grey),04-2022,COMPLETE,9028.8
Boy's Sweater (Red),04-2022,COMPLETE,11613.6
Girl's Hoodie (White),11-2021,COMPLETE,8775.0
Women's Jacket (Black),09-2022,COMPLETE,2935.2
Boy's Trousers (White),09-2022,COMPLETE,16563.75
Girl's Trousers (Red),02-2022,COMPLETE,6910.2
Boy's Socks (White),02-2022,COMPLETE,4087.2
Women's Skirt (Red),04-2022,COMPLETE,6635.25
Boy's Sweater (Green),10-2021,COMPLETE,5501.1
Women's Trousers (Blue),10-2021,COMPLETE,4420.8
Men's Jeans (Grey),01-2022,COMPLETE,8553.6
Women's Jeans (Red),01-2022,COMPLETE,8045.4
Women's Jacket (Black),05-2022,REFUNDED,733.8
Girl's Pyjamas (Red),01-2022,COMPLETE,6204.6
Boy's Trousers (Black),04-2022,COMPLETE,3244.8
Boy's Socks (Black),06-2022,REFUNDED,1149.6
Boy's Coat (Brown),06-2022,COMPLETE,11748.0
Boy's Sweater (Red),08-2022,COMPLETE,15242.85
Girl's Shorts (Green),10-2022,COMPLETE,5924.1
Women's Trousers (Blue),04-2022,COMPLETE,14736.0
Women's Pyjamas (Grey),05-2022,COMPLETE,12322.2
Girl's Pyjamas (Red),08-2021,COMPLETE,2757.6
Boy's Shirt (Black),08-2021,COMPLETE,370.65
Women's Pyjamas (Grey),12-2021,COMPLETE,9521.7
Girl's Pyjamas (White),07-2022,COMPLETE,18403.2
Women's Skirt (Green),08-2022,COMPLETE,9863.55
Boy's Socks (Grey),07-2022,REFUNDED,2871.0
Boy's Jeans (Blue),01-2022,COMPLETE,12394.2
Men's Coat (Red),09-2021,COMPLETE,645.3
Boy's Trousers (White),10-2021,COMPLETE,5962.95
Women's Dress (Black),06-2022,COMPLETE,4156.8
Men's Jeans (Grey),08-2022,REFUNDED,3326.4
Men's Hoodie (Red),11-2021,COMPLETE,921.6
Boy's Pyjamas (Grey),10-2021,COMPLETE,7215.0
Women's Jeans (Red),10-2021,COMPLETE,5247.0
Women's Socks (Grey),11-2021,COMPLETE,4123.35
Women's Trousers (Blue),01-2022,COMPLETE,7368.0
Men's Jeans (Grey),02-2022,COMPLETE,9504.0
Boy's Jeans (Blue),03-2022,COMPLETE,7082.4
Women's Skirt (Green),05-2022,COMPLETE,12865.5
Girl's Shorts (Green),12-2021,COMPLETE,7616.7
Women's Jacket (Black),06-2022,COMPLETE,10273.2
Boy's Coat (Brown),10-2022,COMPLETE,881.1
Women's Trousers (Blue),02-2022,COMPLETE,14736.0
Girl's Shorts (Red),04-2022,COMPLETE,14424.3
Women's Skirt (Brown),05-2022,COMPLETE,5097.3
Boy's Trousers (Blue),05-2022,COMPLETE,1485.0
Boy's Trousers (Blue),09-2021,COMPLETE,2145.0
Women's Dress (Black),02-2022,COMPLETE,259.8
Women's Jacket (Blue),11-2021,COMPLETE,2034.0
Girl's Trousers (Red),12-2021,COMPLETE,9363.6
Girl's Coat (Blue),11-2021,COMPLETE,3771.9
Women's Skirt (Green),12-2021,COMPLETE,1715.4
Women's Jacket (Blue),06-2022,COMPLETE,2034.0
Boy's Sweater (Green),09-2022,COMPLETE,6501.3
Women's Dress (Black),01-2022,COMPLETE,2598.0
Women's Pyjamas (Grey),01-2022,COMPLETE,5601.0
Women's Sweater (Brown),12-2021,COMPLETE,5385.15
Boy's Socks (Black),07-2022,REFUNDED,1149.6
Boy's Trousers (Blue),02-2022,COMPLETE,2805.0
Women's Shirt (Green),07-2022,COMPLETE,10638.0
Girl's Hoodie (White),04-2022,COMPLETE,18281.25
Boy's Jeans (Black),09-2021,COMPLETE,454.95
Boy's Sweater (Green),11-2021,COMPLETE,7001.4
Women's Jacket (Black),10-2022,COMPLETE,1834.5
Boy's Coat (Brown),04-2022,COMPLETE,4992.9
Boy's Pyjamas (Grey),09-2021,COMPLETE,3885.0
Boy's Socks (Grey),10-2021,COMPLETE,5167.8
Girl's Coat (Blue),12-2021,COMPLETE,2514.6
Girl's Shorts (Red),12-2021,COMPLETE,11146.05
Girl's Trousers (Red),08-2022,COMPLETE,19971.0
Boy's Socks (Black),05-2022,COMPLETE,8334.6
Women's Coat (Black),07-2022,COMPLETE,24771.6
Women's Skirt (Green),10-2022,COMPLETE,1715.4
Boy's Shorts (Blue),11-2021,COMPLETE,8286.3
Girl's Pyjamas (Black),09-2022,COMPLETE,6130.8
Boy's Coat (Brown),03-2022,COMPLETE,6461.4
Men's Hoodie (Red),05-2022,COMPLETE,4915.2
Girl's Coat (Blue),08-2021,COMPLETE,1047.75
Boy's Coat (Blue),09-2021,COMPLETE,7183.8
Girl's Shorts (Red),02-2022,COMPLETE,13768.65
Girl's Pyjamas (Black),11-2021,COMPLETE,8174.4
Men's Shorts (Black),06-2022,COMPLETE,18497.7
Men's Hoodie (Red),02-2022,COMPLETE,2304.0
Boy's Coat (Brown),05-2022,REFUNDED,587.4
Boy's Pyjamas (Grey),11-2021,COMPLETE,12765.0
Boy's Jeans (Black),07-2022,COMPLETE,4701.15
Boy's Jeans (Black),06-2022,COMPLETE,2881.35
Women's Skirt (Brown),04-2022,COMPLETE,7842.0
Girl's Shorts (Green),11-2021,COMPLETE,4654.65
Women's Skirt (Red),12-2021,COMPLETE,11501.1
Boy's Pyjamas (Grey),02-2022,COMPLETE,18315.0
Men's Shorts (Black),05-2022,COMPLETE,10143.9
Men's Shorts (Black),09-2021,COMPLETE,2983.5
Women's Dress (Black),11-2021,COMPLETE,2727.9
Boy's Hoodie (Grey),05-2022,COMPLETE,3792.0
Men's Jeans (Grey),09-2021,COMPLETE,4276.8
Boy's Hoodie (Grey),12-2021,COMPLETE,4550.4
Women's Skirt (Red),01-2022,COMPLETE,7962.3
Boy's Socks (Black),06-2022,COMPLETE,5460.6
Girl's Pyjamas (Black),07-2022,COMPLETE,15837.9
Girl's Jeans (Grey),08-2022,COMPLETE,5145.0
Women's Jeans (Brown),02-2022,COMPLETE,6030.6
Women's Shirt (Green),11-2021,COMPLETE,9308.25
Boy's Hoodie (Grey),01-2022,COMPLETE,1137.6
Boy's Jeans (Blue),12-2021,COMPLETE,4426.5
Boy's Jeans (Black),09-2022,COMPLETE,2881.35
Women's Shirt (Green),09-2022,COMPLETE,7978.5
Boy's Pyjamas (Grey),01-2022,COMPLETE,5550.0
Boy's Socks (Grey),01-2022,COMPLETE,14355.0
Women's Skirt (Red),09-2021,COMPLETE,3981.15
Men's Pyjamas (Blue),12-2021,COMPLETE,4648.5
Boy's Coat (Brown),02-2022,COMPLETE,8811.0
Women's Shirt (Green),05-2022,COMPLETE,11967.75
Girl's Shorts (Green),05-2022,COMPLETE,1269.45
Boy's Jeans (Black),10-2022,COMPLETE,758.25
Boy's Sweater (Red),03-2022,COMPLETE,21049.65
Girl's Pyjamas (Red),04-2022,COMPLETE,2068.2
Women's Sweater (Brown),11-2021,COMPLETE,19147.2
Girl's Coat (Blue),06-2022,COMPLETE,5238.75
Men's Pyjamas (Blue),09-2021,COMPLETE,2014.35
Men's Hoodie (Red),12-2021,COMPLETE,3686.4
Boy's Jeans (Blue),07-2022,COMPLETE,12394.2
Girl's Pyjamas (White),01-2022,REFUNDED,2300.4
Girl's Shorts (Green),04-2022,COMPLETE,4231.5
Women's Dress (Black),08-2021,COMPLETE,1039.2
Women's Skirt (Green),10-2021,COMPLETE,4288.5
Girl's Pyjamas (Red),10-2021,COMPLETE,9306.9
Women's Jeans (Red),11-2021,REFUNDED,1749.0
Boy's Shirt (Black),06-2022,COMPLETE,3706.5
Women's Jeans (Brown),07-2022,COMPLETE,10156.8
Boy's Trousers (Blue),09-2022,COMPLETE,5775.0
Girl's Shorts (Green),01-2022,COMPLETE,6770.4
Men's Shorts (Black),01-2022,COMPLETE,6563.7
Boy's Socks (Grey),04-2022,COMPLETE,8038.8
Women's Jeans (Red),05-2022,COMPLETE,6296.4
Boy's Hoodie (Grey),12-2021,REFUNDED,758.4
Girl's Pyjamas (White),01-2022,COMPLETE,15527.7
Girl's Dress (Red),10-2022,COMPLETE,969.3
Boy's Socks (Grey),05-2022,COMPLETE,18948.6
Women's Socks (Grey),03-2022,COMPLETE,2552.55
Girl's Trousers (Red),09-2022,COMPLETE,21421.8
Girl's Jeans (Grey),12-2021,COMPLETE,2205.0
Boy's Socks (Grey),10-2022,COMPLETE,6316.2
Women's Trousers (Blue),10-2022,COMPLETE,2210.4
Boy's Sweater (Red),01-2022,COMPLETE,4355.1
Boy's Trousers (Blue),03-2022,COMPLETE,3135.0
Boy's Socks (Black),11-2021,COMPLETE,1149.6
Women's Coat (Black),11-2021,COMPLETE,5898.0
Men's Hoodie (Red),08-2022,COMPLETE,4761.6
Boy's Trousers (Black),01-2022,COMPLETE,5241.6
Girl's Jeans (Grey),02-2022,COMPLETE,3822.0
Boy's Socks (Grey),08-2021,COMPLETE,1722.6
Boy's Trousers (Black),08-2022,COMPLETE,6489.6
Boy's Coat (Blue),08-2022,COMPLETE,14966.25
Boy's Socks (White),09-2022,COMPLETE,4087.2
Boy's Shorts (Blue),04-2022,COMPLETE,12429.45
Girl's Dress (Red),05-2022,COMPLETE,3123.3
Women's Jeans (Brown),05-2022,COMPLETE,6348.0
Women's Jacket (Blue),02-2022,COMPLETE,1101.75
Boy's Coat (Brown),11-2021,COMPLETE,587.4
Girl's Jeans (Grey),06-2022,COMPLETE,4116.0
Women's Skirt (Red),06-2022,COMPLETE,6192.9
Women's Shirt (Green),08-2022,COMPLETE,5319.0
Women's Sweater (Brown),09-2022,COMPLETE,4786.8
Women's Coat (Black),10-2022,COMPLETE,8847.0
Boy's Socks (White),01-2022,COMPLETE,2200.8
Girl's Dress (Red),02-2022,COMPLETE,1077.0
Men's Jeans (Grey),05-2022,COMPLETE,10929.6
Boy's Trousers (Blue),11-2021,COMPLETE,825.0
Women's Pyjamas (Grey),09-2022,COMPLETE,14002.5
Boy's Hoodie (Grey),09-2022,COMPLETE,4550.4
Boy's Jeans (Black),04-2022,COMPLETE,4094.55
Boy's Trousers (Blue),04-2022,COMPLETE,3630.0
Women's Coat (Black),02-2022,COMPLETE,9436.8
Women's Skirt (Red),02-2022,COMPLETE,884.7
Men's Coat (Red),04-2022,COMPLETE,4517.1
Women's Jeans (Red),04-2022,COMPLETE,699.6
Boy's Hoodie (Grey),09-2021,COMPLETE,2085.6
Boy's Socks (White),09-2021,COMPLETE,1414.8
Girl's Shorts (Green),10-2021,COMPLETE,7616.7
Boy's Hoodie (Grey),10-2021,COMPLETE,2085.6
Girl's Pyjamas (Black),05-2022,COMPLETE,12261.6
Boy's Shorts (Blue),08-2022,COMPLETE,11048.4
Boy's Sweater (Green),02-2022,COMPLETE,2250.45
Women's Jacket (Black),02-2022,COMPLETE,7338.0
Girl's Shorts (Red),08-2021,COMPLETE,2622.6
Women's Pyjamas (Grey),06-2022,COMPLETE,12322.2
Boy's Socks (Black),01-2022,COMPLETE,4311.0
Boy's Pyjamas (Grey),05-2022,COMPLETE,16095.0
Boy's Trousers (White),08-2022,COMPLETE,18551.4
Men's Shorts (Black),09-2022,REFUNDED,2386.8
Boy's Shorts (Blue),02-2022,COMPLETE,4143.15
Men's Pyjamas (Blue),06-2022,COMPLETE,5268.3
Boy's Coat (Blue),08-2022,REFUNDED,1197.3
Boy's Shorts (Blue),01-2022,COMPLETE,14270.85
Girl's Pyjamas (White),03-2022,COMPLETE,7476.3
Girl's Pyjamas (White),10-2022,COMPLETE,5175.9
Boy's Sweater (Red),02-2022,COMPLETE,9436.05
Girl's Trousers (Red),05-2022,REFUNDED,1174.8
Men's Shorts (Black),10-2021,COMPLETE,14320.8
Boy's Jeans (Blue),02-2022,COMPLETE,7967.7
Boy's Coat (Blue),10-2022,COMPLETE,5387.85
Men's Shorts (Black),10-2022,COMPLETE,3580.2
Boy's Shirt (Black),03-2022,COMPLETE,10748.85
Women's Skirt (Green),06-2022,COMPLETE,7719.3
Girl's Shorts (Green),08-2022,COMPLETE,8039.85
Men's Pyjamas (Blue),04-2022,COMPLETE,2634.15
Boy's Hoodie (Grey),04-2022,COMPLETE,3792.0
Boy's Coat (Brown),05-2022,COMPLETE,2937.0
Boy's Socks (White),08-2022,COMPLETE,3144.0
Boy's Pyjamas (Grey),10-2022,COMPLETE,2775.0
Boy's Sweater (Red),09-2021,COMPLETE,4355.1
Boy's Socks (Grey),07-2022,COMPLETE,13780.8
Boy's Trousers (White),10-2022,COMPLETE,7950.6
Boy's Shirt (Black),09-2021,COMPLETE,1482.6
Men's Coat (Red),05-2022,COMPLETE,3871.8
Men's Coat (Red),10-2022,COMPLETE,860.4
Women's Skirt (Red),10-2022,COMPLETE,1327.05
Women's Skirt (Brown),09-2021,COMPLETE,1960.5
Women's Sweater (Brown),02-2022,COMPLETE,4786.8
Boy's Socks (Black),04-2022,COMPLETE,2874.0
Women's Coat (Black),08-2022,COMPLETE,17104.2
Women's Trousers (Blue),09-2022,COMPLETE,26524.8
Women's Skirt (Brown),02-2022,COMPLETE,4705.2
Boy's Socks (Grey),11-2021,COMPLETE,9761.4
Women's Coat (Black),03-2022,COMPLETE,14155.2
Girl's Pyjamas (White),09-2022,COMPLETE,10926.9
Girl's Shorts (Green),09-2022,COMPLETE,3808.35
Boy's Coat (Blue),03-2022,COMPLETE,13768.95
Men's Jeans (Grey),12-2021,COMPLETE,5702.4
Girl's Pyjamas (White),04-2022,COMPLETE,10926.9
Men's Shorts (Black),12-2021,COMPLETE,8353.8
Boy's Shorts (Blue),12-2021,COMPLETE,7825.95
Women's Dress (Black),07-2022,COMPLETE,1948.5
Girl's Dress (Red),01-2022,COMPLETE,1077.0
Boy's Jeans (Black),11-2021,COMPLETE,3184.65
Men's Coat (Red),09-2022,COMPLETE,4086.9
Women's Skirt (Green),02-2022,COMPLETE,16296.3
Women's Coat (Black),04-2022,COMPLETE,18283.8
Boy's Coat (Blue),10-2021,COMPLETE,13170.3
Girl's Hoodie (White),10-2021,COMPLETE,13893.75
Girl's Trousers (Red),03-2022,COMPLETE,23046.0
Men's Coat (Red),03-2022,COMPLETE,4947.3
Men's Shorts (Black),04-2022,COMPLETE,16707.6
Boy's Sweater (Red),06-2022,REFUNDED,2177.55
Girl's Hoodie (White),09-2022,COMPLETE,26325.0
Girl's Shorts (Green),08-2021,COMPLETE,846.3
Boy's Pyjamas (Grey),08-2022,COMPLETE,4440.0
